{"cameraMode":{"drawMode":0,"name":"Shaded","section":"Shading Mode"},"sceneLighting":true,"audioPlay":false,"sceneViewState":{"showFog":true,"showMaterialUpdate":false,"showSkybox":true,"showFlares":true,"showImageEffects":true,"showParticleSystems":true},"in2DMode":false,"pivot":{"x":-0.3991272747516632,"y":0.1971036195755005,"z":-1.864470362663269},"rotation":{"x":0.4118649363517761,"y":-0.0019157083006575704,"z":0.0008657124126330018,"w":0.9112443327903748},"size":4.1275200843811039,"orthographic":false}